"","Country","Gender","Age","no_employees","mental_health_consequence","coworkers","supervisor","mental_health_interview","care_options","wellness_program"
"1","United States","Female",37,"Less than 100","No","Some of them","Yes","No","Not sure","No"
"2","Canada","Male",32,"Less than 100","No","Yes","Yes","Yes","No","No"
"3","United Kingdom","Male",31,"Less than 100","Yes","Some of them","No","Maybe","Yes","No"
"4","United States","Male",31,"100-500","No","Some of them","Yes","Yes","No","Don't know"
"5","United States","Male",33,"Less than 100","No","Yes","Yes","No","Not sure","No"
"6","United States","Female",35,"Less than 100","Maybe","Some of them","No","No","No","No"
"7","Canada","Male",39,"Less than 100","No","No","No","No","Yes","No"
"8","United States","Female",42,"100-500","Maybe","Yes","Yes","No","Yes","No"
"9","Canada","Male",23,"Less than 100","No","Yes","Yes","Maybe","No","Don't know"
"10","United States","Male",31,"Less than 100","No","Some of them","Yes","No","No","No"
"11","United States","Male",36,"500-1000","No","Yes","Yes","No","Not sure","No"
"12","Canada","Male",27,"Less than 100","No","Some of them","Some of them","Maybe","Not sure","Don't know"
"13","United States","Female",29,"Less than 100","No","Yes","Some of them","Maybe","Not sure","No"
"14","United Kingdom","Male",23,"Less than 100","Maybe","Some of them","No","Maybe","No","Don't know"
"15","United States","Male",32,"Less than 100","Maybe","Some of them","Yes","No","Yes","No"
"16","United States","Male",46,"Less than 100","No","Yes","Yes","No","Not sure","Yes"
"17","France","Male",36,"Less than 100","No","Some of them","Some of them","Maybe","No","Yes"
"18","United States","Male",29,"100-500","Maybe","Some of them","Some of them","No","Yes","No"
"19","United States","Male",31,"Less than 100","No","Some of them","Some of them","No","No","No"
"20","United States","Male",46,"Less than 100","Maybe","Some of them","Yes","No","Yes","No"
"21","United States","Male",33,"Less than 100","No","Yes","Yes","No","Not sure","Don't know"
"22","United States","Male",33,"Less than 100","Maybe","Some of them","No","No","Not sure","No"
"23","United States","Female",35,"Less than 100","No","Yes","Yes","Maybe","Yes","Don't know"
"24","United States","Male",34,"Less than 100","No","Some of them","No","No","Not sure","No"
"25","United Kingdom","Male",37,"Less than 100","Yes","Some of them","No","No","No","No"
"26","United Kingdom","Male",32,"Less than 100","Yes","Some of them","Some of them","No","No","No"
"27","United States","Male",31,"Less than 100","Yes","No","No","No","Yes","No"
"28","United Kingdom","Male",30,"500-1000","Maybe","Some of them","Yes","No","No","No"
"29","United States","Male",42,"Less than 100","Maybe","Some of them","Some of them","Maybe","Yes","Yes"
"30","United States","Female",40,"Less than 100","Maybe","Some of them","No","No","Yes","No"
"31","United States","Male",27,"Less than 100","No","Yes","Yes","Maybe","Yes","No"
"32","Canada","Male",29,"Less than 100","Yes","Some of them","No","No","No","No"
"33","United States","Male",50,"100-500","No","Some of them","Yes","No","Yes","No"
"34","United States","Male",35,"More than 1000","No","Yes","Yes","Maybe","Yes","No"
"35","United Kingdom","Male",24,"Less than 100","Maybe","Some of them","No","No","No","No"
"36","United States","Male",35,"More than 1000","Yes","Some of them","No","No","Not sure","Don't know"
"37","Canada","Male",27,"Less than 100","Maybe","Some of them","No","No","Yes","No"
"38","Netherlands","Male",18,"Less than 100","Yes","No","Some of them","No","Not sure","No"
"39","United States","Male",30,"Less than 100","No","No","No","No","No","No"
"40","United States","Female",38,"Less than 100","No","Some of them","Yes","No","Yes","No"
"41","United Kingdom","Male",28,"Less than 100","No","Some of them","Yes","Maybe","Not sure","No"
"42","United States","Male",34,"Less than 100","No","Yes","Yes","Maybe","No","No"
"43","Canada","Male",26,"Less than 100","No","Yes","Yes","No","Yes","Yes"
"44","United States","Male",30,"Less than 100","Maybe","Some of them","Yes","No","No","No"
"45","United States","Male",22,"Less than 100","Maybe","No","No","No","Yes","No"
"46","United States","Male",33,"100-500","No","Some of them","Yes","Maybe","Not sure","Don't know"
"47","United States","Male",31,"100-500","Maybe","Some of them","Some of them","Maybe","No","Don't know"
"48","United States","Male",32,"Less than 100","Maybe","Some of them","Yes","No","Not sure","No"
"49","United States","Others",27,"Less than 100","Maybe","No","No","No","Yes","No"
"50","United States","Male",32,"Less than 100","No","Yes","Yes","No","No","No"
"51","United States","Male",24,"Less than 100","No","Some of them","Yes","Yes","No","No"
"52","Canada","Male",33,"Less than 100","Yes","No","No","No","No","No"
"53","United Kingdom","Male",27,"100-500","No","Yes","Yes","Maybe","Not sure","No"
"54","France","Male",26,"Less than 100","Yes","No","No","No","No","No"
"55","Canada","Male",35,"Less than 100","No","Some of them","Yes","No","No","No"
"56","United States","Male",40,"More than 1000","Yes","Some of them","No","No","Yes","Yes"
"57","Australia","Female",23,"Less than 100","No","Some of them","Yes","No","Not sure","No"
"58","United States","Male",36,"100-500","Maybe","Some of them","Some of them","Maybe","No","Don't know"
"59","United States","Male",34,"Less than 100","Maybe","Some of them","No","No","No","No"
"60","France","Male",28,"Less than 100","Maybe","Some of them","Some of them","No","No","No"
"61","Canada","Male",34,"Less than 100","No","Some of them","Yes","No","Not sure","Don't know"
"62","United States","Female",23,"More than 1000","Maybe","Yes","Yes","No","Yes","No"
"63","United Kingdom","Male",38,"Less than 100","No","Some of them","Yes","Maybe","No","No"
"64","United States","Male",33,"More than 1000","Maybe","Some of them","Some of them","No","Not sure","Yes"
"65","United Kingdom","Male",19,"Less than 100","Yes","No","No","No","Yes","No"
"66","United States","Male",25,"More than 1000","No","Yes","Yes","Maybe","Yes","Yes"
"67","United States","Male",31,"Less than 100","No","Yes","Yes","Maybe","No","No"
"68","United States","Male",32,"Less than 100","Yes","Some of them","No","No","No","No"
"69","Germany","Male",28,"Less than 100","No","Some of them","Some of them","Maybe","No","Don't know"
"70","United States","Male",38,"100-500","No","Yes","Some of them","Maybe","Yes","No"
"71","United Kingdom","Male",23,"Less than 100","No","Some of them","Yes","Maybe","Not sure","Yes"
"72","United States","Female",27,"Less than 100","Maybe","Some of them","Yes","No","Yes","Yes"
"73","United States","Male",33,"More than 1000","Yes","No","No","No","No","No"
"74","United States","Male",31,"Less than 100","No","Some of them","Yes","Maybe","Not sure","No"
"75","United Kingdom","Male",39,"Less than 100","Maybe","Some of them","No","No","No","No"
"76","United States","Female",34,"500-1000","Yes","Some of them","Some of them","No","Not sure","No"
"77","United States","Female",29,"Less than 100","Maybe","Some of them","Some of them","No","Yes","No"
"78","United States","Male",32,"500-1000","No","Some of them","Some of them","No","No","No"
"79","United States","Male",31,"500-1000","No","Some of them","Yes","No","Yes","Yes"
"80","United States","Male",40,"Less than 100","No","Yes","Yes","Yes","Yes","No"
"81","United States","Male",34,"Less than 100","Maybe","Some of them","No","No","No","No"
"82","Canada","Female",25,"Less than 100","Maybe","Some of them","Yes","No","Yes","No"
"83","United States","Male",29,"Less than 100","No","Yes","Yes","Maybe","No","No"
"84","United States","Male",24,"Less than 100","Maybe","Some of them","No","No","Not sure","No"
"85","United States","Male",33,"Less than 100","Maybe","Some of them","No","No","Yes","No"
"86","United States","Male",30,"Less than 100","No","Yes","Yes","Maybe","Yes","No"
"87","United States","Female",44,"100-500","Maybe","No","Some of them","No","Not sure","Don't know"
"88","United States","Male",25,"Less than 100","No","Some of them","Yes","No","No","Don't know"
"89","United States","Male",33,"Less than 100","No","Some of them","Yes","Maybe","Yes","Yes"
"90","United States","Male",29,"More than 1000","No","Some of them","Yes","No","Not sure","Yes"
"91","United States","Male",35,"Less than 100","No","Some of them","Yes","No","Not sure","No"
"92","United States","Male",35,"Less than 100","No","Some of them","Yes","No","Not sure","No"
"93","United States","Male",34,"Less than 100","Maybe","No","No","No","No","No"
"94","United States","Male",32,"Less than 100","Maybe","Some of them","Yes","No","No","Yes"
"95","United States","Male",22,"500-1000","Yes","No","No","No","Yes","No"
"96","United States","Male",28,"Less than 100","No","Some of them","Some of them","No","Yes","Yes"
"97","United States","Male",45,"Less than 100","No","Yes","Yes","Yes","Yes","No"
"98","United States","Male",32,"100-500","Maybe","Some of them","Some of them","No","Yes","No"
"99","United States","Male",28,"More than 1000","Maybe","Some of them","No","No","No","No"
"100","United Kingdom","Male",26,"Less than 100","No","Some of them","Some of them","No","No","No"
"101","United States","Male",18,"Less than 100","No","Some of them","No","No","No","No"
"102","United States","Male",35,"Less than 100","No","Some of them","Yes","Maybe","Not sure","No"
"103","United States","Male",29,"More than 1000","Yes","No","No","No","Yes","No"
"104","United States","Male",25,"Less than 100","No","Some of them","Yes","No","No","No"
"105","United States","Male",33,"Less than 100","No","Yes","Yes","No","No","Don't know"
"106","United States","Male",36,"Less than 100","Maybe","No","No","No","No","No"
"107","United States","Male",27,"500-1000","Yes","Some of them","No","No","No","Yes"
"108","United Kingdom","Male",27,"Less than 100","No","Some of them","Some of them","No","No","No"
"109","United States","Male",32,"100-500","Yes","No","Yes","No","Yes","No"
"110","United Kingdom","Male",31,"Less than 100","Maybe","No","No","No","No","No"
"111","United States","Male",33,"More than 1000","Maybe","Yes","Some of them","No","Yes","No"
"112","United States","Male",32,"Less than 100","Maybe","Yes","Some of them","No","Yes","No"
"113","United States","Male",27,"Less than 100","No","Yes","Yes","Maybe","Not sure","Don't know"
"114","Canada","Male",24,"Less than 100","No","Some of them","Yes","Maybe","No","No"
"115","United Kingdom","Male",28,"Less than 100","No","Some of them","Yes","Maybe","No","No"
"116","United States","Male",39,"More than 1000","No","Yes","Yes","No","Not sure","No"
"117","United States","Female",29,"Less than 100","Maybe","Some of them","No","No","No","No"
"118","United States","Male",38,"100-500","Maybe","Some of them","Yes","No","No","Don't know"
"119","United States","Female",30,"More than 1000","Maybe","Some of them","Some of them","No","Not sure","No"
"120","United Kingdom","Male",24,"Less than 100","Maybe","No","Some of them","No","No","No"
"121","Ireland","Male",30,"100-500","Yes","Some of them","No","No","Yes","Yes"
"122","United States","Female",29,"100-500","Maybe","No","Some of them","No","Not sure","No"
"123","Canada","Male",19,"Less than 100","Maybe","Some of them","Some of them","Maybe","Not sure","No"
"124","United States","Male",32,"Less than 100","No","Some of them","Some of them","No","Not sure","No"
"125","United States","Male",36,"Less than 100","No","Some of them","Some of them","Maybe","Not sure","Don't know"
"126","United States","Male",27,"More than 1000","No","No","Some of them","No","No","No"
"127","United States","Male",27,"Less than 100","Maybe","Some of them","Yes","No","Yes","No"
"128","United States","Male",25,"Less than 100","Maybe","Some of them","No","No","Not sure","No"
"129","United States","Female",25,"500-1000","Yes","Some of them","Some of them","No","No","No"
"130","United States","Male",31,"More than 1000","No","Some of them","Some of them","No","No","No"
"131","United States","Male",26,"Less than 100","Maybe","Some of them","Yes","No","No","No"
"132","United States","Female",33,"Less than 100","No","Some of them","Yes","No","Yes","Yes"
"133","United Kingdom","Female",27,"Less than 100","No","Yes","Yes","No","Yes","No"
"134","United States","Male",34,"Less than 100","Maybe","Some of them","Some of them","No","No","No"
"135","United States","Male",42,"Less than 100","Maybe","Yes","Yes","No","Yes","No"
"136","Ireland","Male",23,"Less than 100","Yes","No","No","No","No","No"
"137","United Kingdom","Male",24,"100-500","Maybe","Some of them","Some of them","No","Not sure","Yes"
"138","United Kingdom","Male",26,"More than 1000","No","Yes","Yes","No","Yes","Don't know"
"139","United Kingdom","Male",31,"Less than 100","Maybe","Some of them","Yes","No","No","No"
"140","United States","Female",23,"Less than 100","Maybe","Some of them","Yes","No","No","No"
"141","United States","Male",31,"Less than 100","Maybe","No","Some of them","No","Not sure","No"
"142","United States","Female",32,"Less than 100","No","Yes","Yes","No","Not sure","Don't know"
"143","United States","Female",45,"Less than 100","No","Yes","Yes","No","No","No"
"144","United States","Male",33,"Less than 100","No","Yes","Yes","No","No","No"
"145","United Kingdom","Female",28,"Less than 100","No","Yes","Yes","Maybe","No","No"
"146","United States","Male",45,"More than 1000","Yes","Some of them","Some of them","No","Not sure","Don't know"
"147","United States","Male",43,"More than 1000","Yes","No","No","No","Not sure","No"
"148","United States","Male",37,"500-1000","Yes","Some of them","No","Maybe","No","No"
"149","United Kingdom","Male",24,"Less than 100","Maybe","Some of them","Yes","Maybe","No","No"
"150","France","Male",26,"Less than 100","No","Some of them","No","No","Yes","No"
"151","United Kingdom","Male",23,"Less than 100","No","Some of them","Yes","Maybe","No","No"
"152","United States","Female",35,"More than 1000","Maybe","No","No","No","Not sure","Don't know"
"153","United States","Male",28,"Less than 100","Maybe","Some of them","No","No","No","No"
"154","United States","Male",35,"Less than 100","No","Some of them","Yes","No","No","No"
"155","Germany","Female",32,"100-500","Yes","Some of them","No","No","No","No"
"156","United States","Female",35,"500-1000","Maybe","Some of them","No","No","Not sure","No"
"157","United States","Male",26,"More than 1000","No","Some of them","Yes","No","No","No"
"158","United States","Male",27,"Less than 100","Maybe","Some of them","Some of them","No","Yes","No"
"159","United Kingdom","Male",28,"More than 1000","Maybe","Some of them","No","No","No","No"
"160","United States","Female",27,"Less than 100","No","Some of them","Some of them","No","No","No"
"161","United States","Male",41,"Less than 100","Maybe","Some of them","Some of them","Maybe","Not sure","No"
"162","Ireland","Male",37,"Less than 100","Yes","No","No","No","Yes","No"
"163","United Kingdom","Male",32,"100-500","Yes","No","No","No","Not sure","No"
"164","Canada","Male",21,"Less than 100","No","Some of them","Some of them","Maybe","Yes","No"
"165","United States","Male",30,"Less than 100","Maybe","Yes","Yes","No","Yes","No"
"166","United States","Male",24,"Less than 100","No","Some of them","Yes","No","Not sure","No"
"167","United States","Female",40,"Less than 100","No","Some of them","Yes","No","Yes","Yes"
"168","United Kingdom","Male",26,"Less than 100","Yes","No","No","No","No","No"
"169","United States","Female",32,"Less than 100","Yes","Some of them","Some of them","No","No","No"
"170","United States","Female",27,"Less than 100","No","Some of them","No","No","No","Don't know"
"171","Germany","Male",30,"Less than 100","No","Some of them","Yes","Maybe","Yes","No"
"172","Canada","Male",31,"Less than 100","No","Some of them","Some of them","No","Yes","No"
"173","United States","Male",41,"Less than 100","Yes","No","Some of them","No","Not sure","No"
"174","United States","Female",34,"Less than 100","No","Yes","Yes","Maybe","No","No"
"175","United Kingdom","Male",33,"Less than 100","No","Yes","Yes","Yes","No","No"
"176","United States","Male",28,"Less than 100","No","Some of them","Some of them","No","No","No"
"177","United States","Male",28,"More than 1000","Yes","No","Some of them","No","Yes","No"
"178","United States","Male",23,"Less than 100","No","No","Yes","No","Not sure","Don't know"
"179","United States","Male",24,"Less than 100","No","Yes","Yes","Maybe","No","Don't know"
"180","United States","Male",32,"Less than 100","No","Some of them","Yes","No","Yes","No"
"181","Australia","Male",34,"Less than 100","Yes","No","No","No","Not sure","Yes"
"182","United States","Male",24,"Less than 100","Maybe","Some of them","No","Maybe","Not sure","No"
"183","United Kingdom","Male",26,"Less than 100","Maybe","Some of them","Some of them","No","Yes","No"
"184","United States","Male",36,"Less than 100","Maybe","Some of them","Some of them","No","No","No"
"185","United States","Male",41,"500-1000","Maybe","Some of them","No","Maybe","Yes","No"
"186","United States","Male",38,"Less than 100","Maybe","Some of them","Yes","No","Not sure","No"
"187","Netherlands","Male",30,"Less than 100","No","Some of them","Some of them","No","No","Don't know"
"188","United Kingdom","Male",25,"Less than 100","Yes","No","No","No","No","No"
"189","Canada","Male",37,"Less than 100","Maybe","Some of them","Some of them","No","Yes","No"
"190","United Kingdom","Male",34,"Less than 100","No","Some of them","Yes","No","No","No"
"191","United States","Male",34,"Less than 100","Maybe","Some of them","Some of them","No","No","No"
"192","United States","Male",33,"Less than 100","No","Some of them","Yes","No","Yes","Yes"
"193","United States","Male",27,"More than 1000","No","Some of them","Yes","Maybe","Yes","Don't know"
"194","United States","Male",40,"More than 1000","Yes","No","No","No","Yes","Yes"
"195","United States","Male",32,"Less than 100","Maybe","Yes","Yes","No","No","No"
"196","United States","Male",28,"100-500","No","Some of them","Yes","No","No","No"
"197","United States","Male",31,"100-500","No","Some of them","Yes","No","Yes","Yes"
"198","United States","Male",24,"Less than 100","No","Yes","Yes","Maybe","No","Don't know"
"199","Canada","Male",29,"Less than 100","Yes","No","No","No","No","No"
"200","United Kingdom","Female",23,"Less than 100","Maybe","Some of them","Some of them","No","Not sure","Don't know"
"201","United States","Male",42,"Less than 100","No","Some of them","Yes","No","Yes","No"
"202","United Kingdom","Male",24,"Less than 100","Yes","Some of them","Some of them","No","No","No"
"203","Australia","Male",25,"Less than 100","Yes","No","No","No","Yes","No"
"204","United States","Female",27,"Less than 100","Maybe","Yes","No","No","No","No"
"205","Canada","Male",27,"Less than 100","Yes","Some of them","Some of them","No","Yes","No"
"206","United States","Male",30,"100-500","No","Yes","Yes","Maybe","Yes","No"
"207","Canada","Male",43,"Less than 100","Maybe","Yes","Yes","Yes","Not sure","No"
"208","United States","Male",32,"Less than 100","No","Some of them","Yes","No","Yes","No"
"209","United States","Male",41,"Less than 100","No","Yes","Yes","Yes","Yes","Don't know"
"210","United Kingdom","Male",32,"Less than 100","Maybe","Yes","Some of them","Maybe","Not sure","Don't know"
"211","United States","Female",37,"Less than 100","Maybe","Some of them","Some of them","No","Yes","No"
"212","United States","Male",32,"Less than 100","No","Yes","Yes","No","No","No"
"213","Ireland","Male",30,"Less than 100","No","Some of them","Some of them","No","No","No"
"214","United States","Male",30,"More than 1000","No","Some of them","Yes","No","Yes","Yes"
"215","United Kingdom","Male",34,"Less than 100","Maybe","Yes","Some of them","No","Yes","No"
"216","United States","Male",38,"Less than 100","Yes","No","No","No","No","No"
"217","Canada","Male",33,"100-500","No","Some of them","Yes","No","No","Yes"
"218","United States","Male",23,"100-500","Maybe","Some of them","No","No","No","No"
"219","Australia","Male",22,"Less than 100","Maybe","Some of them","Yes","No","Not sure","Yes"
"220","United States","Male",18,"Less than 100","Yes","No","No","No","No","No"
"221","United States","Male",35,"Less than 100","Yes","No","Some of them","No","Yes","No"
"222","United Kingdom","Male",27,"Less than 100","Maybe","Yes","Yes","Yes","No","No"
"223","United States","Female",26,"More than 1000","Maybe","Some of them","Some of them","No","Not sure","Don't know"
"224","United States","Male",18,"Less than 100","No","Some of them","Some of them","No","Not sure","Don't know"
"225","United States","Female",38,"Less than 100","No","Some of them","No","No","Yes","No"
"226","United States","Female",26,"More than 1000","Maybe","Some of them","No","No","Yes","Yes"
"227","United States","Male",35,"More than 1000","Yes","Some of them","Some of them","No","No","No"
"228","United States","Male",45,"More than 1000","Maybe","Some of them","Some of them","No","Yes","Don't know"
"229","United States","Male",32,"More than 1000","Maybe","Some of them","Some of them","No","No","No"
"230","United States","Male",56,"More than 1000","No","Yes","Some of them","No","Not sure","Don't know"
"231","United States","Female",24,"500-1000","Maybe","Some of them","No","No","Not sure","No"
"232","United States","Female",30,"Less than 100","No","Yes","Yes","No","Yes","Yes"
"233","United States","Male",60,"More than 1000","No","Some of them","Yes","Maybe","No","Don't know"
"234","United States","Male",33,"More than 1000","Yes","No","No","No","No","Yes"
"235","United States","Male",37,"More than 1000","No","Some of them","Yes","Maybe","Yes","Yes"
"236","United States","Female",23,"More than 1000","No","Some of them","Some of them","No","Yes","Yes"
"237","United States","Female",31,"More than 1000","No","Yes","Yes","No","Not sure","Don't know"
"238","United States","Male",26,"100-500","No","Some of them","Yes","No","Not sure","No"
"239","United States","Female",37,"More than 1000","No","Some of them","Yes","No","Yes","Don't know"
"240","Canada","Male",26,"Less than 100","Maybe","Some of them","Some of them","Maybe","No","No"
"241","United States","Others",30,"Less than 100","Maybe","Some of them","Yes","No","Not sure","No"
"242","United States","Male",26,"Less than 100","No","Some of them","Some of them","No","No","No"
"243","United States","Male",25,"Less than 100","No","Some of them","Yes","No","Not sure","No"
"244","United States","Male",27,"100-500","Maybe","Some of them","Yes","No","Not sure","Yes"
"245","United States","Male",35,"100-500","No","Some of them","Yes","No","Not sure","Don't know"
"246","United States","Male",36,"Less than 100","Maybe","Some of them","Yes","No","Yes","No"
"247","United States","Male",26,"More than 1000","Yes","No","No","No","Not sure","No"
"248","United States","Male",27,"More than 1000","No","Yes","Yes","Maybe","No","Don't know"
"249","United States","Female",22,"More than 1000","Maybe","No","Some of them","No","Yes","Yes"
"250","United States","Male",41,"100-500","No","Some of them","Yes","Maybe","Yes","Don't know"
"251","United States","Male",29,"More than 1000","Yes","Some of them","Some of them","No","No","No"
"252","United States","Male",32,"500-1000","No","Some of them","Yes","Maybe","Not sure","Don't know"
"253","United States","Female",24,"More than 1000","Maybe","Some of them","No","No","Yes","No"
"254","United States","Male",25,"Less than 100","Maybe","No","No","No","No","Don't know"
"255","United States","Male",25,"More than 1000","Maybe","No","No","No","Not sure","Don't know"
"256","United States","Female",30,"More than 1000","Maybe","No","Some of them","No","Yes","Yes"
"257","United States","Male",25,"More than 1000","No","Yes","Yes","No","Not sure","Don't know"
"258","United States","Male",30,"Less than 100","Maybe","Some of them","Some of them","No","Yes","No"
"259","United States","Male",24,"Less than 100","No","Some of them","Some of them","No","Not sure","Yes"
"260","Canada","Male",25,"More than 1000","Yes","Some of them","No","No","Yes","No"
"261","Ireland","Male",45,"Less than 100","No","No","No","No","No","No"
"262","United States","Male",46,"Less than 100","No","Some of them","Some of them","Maybe","Not sure","Yes"
"263","United Kingdom","Male",30,"Less than 100","Yes","No","No","No","No","No"
"264","United States","Female",29,"More than 1000","Maybe","Some of them","Some of them","No","Not sure","Don't know"
"265","United States","Male",24,"More than 1000","Yes","No","No","No","Yes","Don't know"
"266","United States","Male",29,"Less than 100","No","Some of them","Yes","No","Yes","Yes"
"267","United States","Female",33,"Less than 100","Yes","Some of them","Some of them","No","Yes","No"
"268","United States","Male",27,"More than 1000","Yes","No","No","No","Not sure","Don't know"
"269","United States","Male",36,"More than 1000","Maybe","Some of them","Some of them","No","Not sure","Don't know"
"270","United Kingdom","Male",33,"Less than 100","Yes","No","No","No","No","No"
"271","United States","Female",25,"Less than 100","No","Some of them","Yes","No","Yes","No"
"272","United States","Male",54,"More than 1000","No","No","Yes","No","No","Yes"
"273","United States","Male",22,"More than 1000","Maybe","Some of them","No","No","No","Don't know"
"274","United States","Others",25,"More than 1000","Maybe","Some of them","Some of them","No","Yes","Don't know"
"275","United States","Male",27,"More than 1000","No","No","No","No","Yes","Yes"
"276","United Kingdom","Male",30,"Less than 100","No","Some of them","Yes","No","No","No"
"277","United States","Male",26,"More than 1000","Maybe","Some of them","No","No","Not sure","Don't know"
"278","United States","Male",33,"Less than 100","Maybe","Some of them","Some of them","No","Not sure","No"
"279","United States","Male",34,"More than 1000","Maybe","No","No","No","Yes","Don't know"
"280","United States","Male",34,"100-500","Yes","Some of them","Some of them","No","No","No"
"281","United States","Male",29,"Less than 100","No","Yes","Yes","Maybe","Yes","No"
"282","United States","Female",33,"Less than 100","Maybe","Some of them","Some of them","No","No","No"
"283","Germany","Male",34,"Less than 100","No","Yes","Yes","No","No","No"
"284","United States","Male",28,"More than 1000","Maybe","No","No","No","Not sure","No"
"285","United States","Male",35,"More than 1000","No","Some of them","Yes","No","No","Yes"
"286","United States","Male",36,"100-500","No","Some of them","Some of them","No","Yes","No"
"287","United States","Male",21,"100-500","No","Yes","Yes","Maybe","No","No"
"288","United States","Female",22,"More than 1000","No","No","Some of them","No","No","Yes"
"289","United States","Male",41,"More than 1000","Maybe","Yes","Some of them","No","No","Yes"
"290","United States","Male",55,"More than 1000","No","Yes","Yes","No","Yes","Yes"
"291","United States","Female",32,"Less than 100","Maybe","Some of them","Yes","No","Yes","Yes"
"292","United States","Female",21,"Less than 100","Yes","Some of them","No","No","Not sure","Don't know"
"293","United States","Male",45,"Less than 100","Maybe","No","Some of them","No","Yes","Don't know"
"294","United States","Female",27,"More than 1000","Yes","No","No","No","Yes","No"
"295","United States","Female",25,"Less than 100","Maybe","Some of them","Yes","No","No","No"
"296","United States","Female",26,"More than 1000","Maybe","No","No","No","Yes","No"
"297","Canada","Male",41,"500-1000","No","Some of them","Some of them","No","Not sure","No"
"298","United States","Male",27,"More than 1000","No","Some of them","Yes","No","No","Yes"
"299","United States","Male",31,"Less than 100","No","Yes","Yes","No","No","No"
"300","Germany","Male",25,"Less than 100","No","Yes","Yes","No","No","No"
"301","United States","Male",26,"Less than 100","Yes","Some of them","No","No","No","No"
"302","United States","Female",27,"More than 1000","Maybe","No","Yes","No","Yes","No"
"303","United States","Others",29,"Less than 100","Yes","Some of them","No","No","Yes","No"
"304","United States","Female",25,"Less than 100","Yes","Some of them","No","No","Not sure","No"
"305","United States","Male",31,"More than 1000","Yes","Some of them","No","No","No","No"
"306","Canada","Male",26,"Less than 100","No","Yes","Yes","No","No","Don't know"
"307","United Kingdom","Male",48,"Less than 100","Maybe","No","No","No","No","No"
"308","United Kingdom","Male",35,"Less than 100","Maybe","Some of them","Yes","No","No","No"
"309","United States","Female",32,"100-500","Maybe","No","Some of them","No","Not sure","No"
"310","Canada","Male",29,"100-500","Maybe","Some of them","Some of them","No","Not sure","Don't know"
"311","United States","Male",26,"Less than 100","Maybe","Some of them","Yes","No","Yes","No"
"312","United States","Male",28,"Less than 100","Maybe","Some of them","No","No","Yes","No"
"313","United States","Male",23,"More than 1000","No","Some of them","Yes","No","No","No"
"314","United States","Male",35,"100-500","Maybe","Some of them","Some of them","No","Yes","No"
"315","Germany","Male",29,"Less than 100","Maybe","Some of them","Some of them","Maybe","No","No"
"316","United States","Male",26,"Less than 100","No","Some of them","Yes","Maybe","Yes","No"
"317","United States","Male",33,"Less than 100","Yes","Yes","Some of them","No","Yes","Yes"
"318","United States","Male",33,"More than 1000","Yes","Some of them","No","No","No","Don't know"
"319","United States","Male",33,"More than 1000","Yes","No","No","No","Yes","No"
"320","United States","Male",21,"More than 1000","No","Some of them","Some of them","No","Not sure","Don't know"
"321","United Kingdom","Others",31,"More than 1000","Yes","No","No","No","No","No"
"322","United States","Female",26,"100-500","No","Some of them","Some of them","No","Not sure","Don't know"
"323","United States","Male",30,"Less than 100","Maybe","Some of them","Yes","No","No","No"
"324","Germany","Others",30,"100-500","No","Yes","Yes","Maybe","Not sure","No"
"325","United States","Male",55,"Less than 100","Yes","No","No","No","Yes","No"
"326","Germany","Male",28,"Less than 100","No","Yes","Yes","No","No","No"
"327","United Kingdom","Male",32,"Less than 100","No","Some of them","Yes","No","No","No"
"328","United States","Male",24,"100-500","Yes","Some of them","Some of them","No","Yes","No"
"329","United States","Female",24,"More than 1000","No","Some of them","Some of them","Yes","Yes","Yes"
"330","Canada","Male",28,"100-500","Maybe","Some of them","Yes","No","No","No"
"331","United States","Female",24,"Less than 100","Yes","No","Some of them","No","No","No"
"332","United States","Male",33,"Less than 100","Yes","Some of them","Some of them","Yes","No","No"
"333","United States","Male",34,"Less than 100","Maybe","Yes","Yes","No","No","No"
"334","United States","Female",27,"Less than 100","Maybe","Some of them","Some of them","No","Not sure","No"
"335","United States","Male",28,"Less than 100","No","Some of them","Yes","No","No","No"
"336","United States","Male",26,"More than 1000","No","Some of them","Yes","No","Not sure","Don't know"
"337","Australia","Male",20,"100-500","No","Some of them","Yes","No","Not sure","Don't know"
"338","United States","Female",23,"Less than 100","Maybe","Some of them","No","No","Yes","No"
"339","United States","Male",29,"Less than 100","No","Yes","Yes","Maybe","Yes","Yes"
"340","United Kingdom","Male",26,"Less than 100","Maybe","No","No","No","No","No"
"341","United States","Male",36,"More than 1000","Maybe","No","No","No","No","Yes"
"342","United States","Male",41,"More than 1000","Maybe","Some of them","Yes","Maybe","Yes","Yes"
"343","United States","Female",33,"100-500","No","Some of them","Yes","No","No","Don't know"
"344","Canada","Male",23,"Less than 100","No","Yes","Yes","No","Yes","No"
"345","United States","Male",39,"More than 1000","Yes","Some of them","Some of them","No","No","No"
"346","United States","Male",34,"More than 1000","Maybe","Some of them","Some of them","No","Not sure","Don't know"
"347","United States","Female",26,"100-500","Yes","Some of them","Some of them","No","Yes","No"
"348","United States","Male",24,"Less than 100","No","Some of them","Yes","No","Yes","Yes"
"349","United States","Male",43,"Less than 100","No","Yes","Yes","Maybe","Yes","No"
"350","United States","Others",40,"More than 1000","Yes","No","Some of them","No","Yes","Yes"
"351","United States","Male",30,"More than 1000","Yes","Some of them","No","No","Yes","Yes"
"352","United States","Male",34,"Less than 100","Yes","Some of them","No","No","Not sure","No"
"353","United States","Male",27,"100-500","Yes","No","No","No","Not sure","No"
"354","United States","Male",36,"More than 1000","No","Yes","Yes","Maybe","No","No"
"355","Netherlands","Male",35,"100-500","Yes","No","No","No","No","No"
"356","United Kingdom","Male",32,"Less than 100","Maybe","Some of them","No","No","No","No"
"357","United States","Male",37,"500-1000","Maybe","Some of them","Some of them","No","No","No"
"358","United Kingdom","Male",29,"Less than 100","No","Some of them","Yes","Maybe","No","Don't know"
"359","United States","Female",33,"500-1000","Maybe","Some of them","Yes","No","Not sure","Yes"
"360","United States","Male",28,"Less than 100","Yes","Some of them","No","No","Yes","No"
"361","United States","Female",26,"Less than 100","Maybe","Some of them","No","No","Not sure","No"
"362","United States","Male",27,"Less than 100","Yes","Some of them","Yes","No","No","Yes"
"363","United Kingdom","Male",38,"Less than 100","Maybe","Some of them","Yes","No","No","No"
"364","United States","Male",57,"More than 1000","Maybe","Some of them","Yes","No","Yes","No"
"365","United Kingdom","Male",28,"More than 1000","Yes","No","Some of them","No","No","No"
"366","France","Male",26,"Less than 100","Maybe","Yes","Yes","Maybe","Yes","No"
"367","Netherlands","Female",42,"100-500","Yes","Some of them","No","No","Yes","No"
"368","United States","Male",31,"100-500","No","Some of them","Yes","No","Yes","Yes"
"369","United States","Male",58,"More than 1000","Maybe","Some of them","Yes","No","Yes","Yes"
"370","United States","Male",29,"Less than 100","Yes","No","No","No","No","No"
"371","United Kingdom","Female",39,"More than 1000","Yes","Some of them","Some of them","No","Yes","No"
"372","United States","Male",34,"Less than 100","Maybe","Some of them","Yes","No","No","No"
"373","United States","Male",57,"More than 1000","Maybe","No","No","No","Not sure","Yes"
"374","Germany","Male",27,"Less than 100","Yes","Some of them","No","No","Not sure","No"
"375","Germany","Male",23,"Less than 100","No","Yes","Yes","Maybe","No","Don't know"
"376","United States","Female",30,"100-500","Maybe","Some of them","Yes","No","Not sure","No"
"377","United States","Male",43,"More than 1000","Yes","No","No","No","Yes","Yes"
"378","United Kingdom","Female",18,"Less than 100","Maybe","Some of them","Some of them","Maybe","Not sure","Don't know"
"379","United States","Male",29,"Less than 100","Maybe","Some of them","No","No","Yes","No"
"380","United States","Male",48,"Less than 100","Maybe","No","No","No","No","No"
"381","United States","Female",28,"Less than 100","Yes","Some of them","No","No","Not sure","No"
"382","United States","Male",30,"Less than 100","No","Yes","Yes","No","Yes","No"
"383","United States","Male",31,"More than 1000","No","No","Some of them","No","Not sure","Don't know"
"384","United States","Female",24,"Less than 100","No","Some of them","Some of them","No","No","Don't know"
"385","United States","Male",25,"Less than 100","Maybe","Some of them","No","No","Not sure","Don't know"
"386","United States","Female",23,"More than 1000","Maybe","Some of them","Some of them","No","Not sure","Don't know"
"387","United States","Female",25,"Less than 100","Yes","Some of them","No","No","Not sure","No"
"388","Netherlands","Male",34,"Less than 100","No","Some of them","Some of them","No","Not sure","Don't know"
"389","United States","Female",38,"Less than 100","Maybe","No","No","No","Yes","No"
"390","Ireland","Male",40,"More than 1000","Yes","Some of them","No","No","No","No"
"391","United Kingdom","Male",32,"Less than 100","No","No","Some of them","No","Not sure","No"
"392","United States","Female",35,"100-500","Yes","No","No","No","Yes","No"
"393","United States","Male",46,"More than 1000","Maybe","Some of them","No","No","Yes","Yes"
"394","United Kingdom","Male",32,"Less than 100","No","Yes","Yes","Maybe","No","No"
"395","United States","Male",47,"More than 1000","No","Some of them","Yes","No","Yes","Yes"
"396","United States","Male",22,"More than 1000","No","Some of them","Yes","No","Not sure","Yes"
"397","United States","Female",33,"500-1000","No","Some of them","Some of them","No","Yes","Yes"
"398","United States","Female",25,"Less than 100","Maybe","Some of them","No","No","No","No"
"399","United States","Male",29,"More than 1000","Maybe","No","No","No","Not sure","No"
"400","United States","Male",39,"Less than 100","No","Yes","Yes","No","Yes","Yes"
"401","United States","Male",38,"More than 1000","Yes","No","No","No","Not sure","Yes"
"402","United States","Male",43,"Less than 100","Maybe","Some of them","No","No","No","No"
"403","United States","Male",46,"500-1000","No","Some of them","Yes","No","Not sure","Yes"
"404","Germany","Male",33,"Less than 100","Yes","Some of them","Some of them","No","Yes","No"
"405","United Kingdom","Male",34,"Less than 100","Maybe","Yes","Yes","No","Yes","No"
"406","United States","Male",62,"More than 1000","Maybe","Some of them","Yes","Maybe","Yes","Don't know"
"407","United States","Male",36,"Less than 100","Maybe","Some of them","Yes","No","Yes","Don't know"
"408","United States","Female",41,"500-1000","Maybe","Some of them","Some of them","No","Yes","Yes"
"409","United States","Male",29,"Less than 100","No","No","Some of them","No","Yes","No"
"410","Canada","Female",31,"100-500","Maybe","Some of them","Yes","No","Not sure","Don't know"
"411","United Kingdom","Male",27,"Less than 100","No","Some of them","Yes","No","No","No"
"412","Australia","Male",31,"100-500","No","Yes","Yes","Yes","Yes","Yes"
"413","Canada","Male",21,"Less than 100","Yes","No","No","No","Not sure","Don't know"
"414","Australia","Female",27,"Less than 100","Yes","Some of them","Some of them","No","Yes","No"
"415","United States","Male",39,"Less than 100","Yes","Some of them","Yes","No","Yes","Yes"
"416","United States","Male",26,"More than 1000","Maybe","No","No","No","No","No"
"417","United Kingdom","Male",27,"Less than 100","Maybe","Some of them","Some of them","No","No","No"
"418","United States","Female",22,"500-1000","No","Some of them","Some of them","No","Yes","No"
"419","United States","Female",31,"100-500","No","Yes","Yes","No","Yes","No"
"420","United Kingdom","Male",32,"Less than 100","No","Yes","Yes","Yes","No","No"
"421","United States","Female",28,"100-500","Yes","Some of them","Some of them","No","No","No"
"422","United Kingdom","Others",28,"100-500","Yes","Some of them","Some of them","Yes","Not sure","No"
"423","United Kingdom","Female",23,"Less than 100","Maybe","No","Some of them","No","Not sure","No"
"424","United Kingdom","Male",30,"Less than 100","No","Yes","Yes","Maybe","Not sure","Don't know"
"425","United States","Male",36,"More than 1000","Yes","Some of them","Yes","No","No","No"
"426","United States","Male",21,"More than 1000","No","Some of them","Yes","No","Yes","Yes"
"427","Germany","Male",30,"Less than 100","Maybe","Some of them","Some of them","Maybe","No","Don't know"
"428","Canada","Female",29,"Less than 100","Maybe","Some of them","Some of them","No","No","No"
"429","United Kingdom","Others",21,"Less than 100","Maybe","Some of them","Some of them","No","Yes","Yes"
"430","Australia","Male",34,"More than 1000","No","Some of them","Yes","No","Yes","Yes"
"431","United States","Male",33,"Less than 100","Yes","Some of them","No","No","No","Don't know"
"432","Netherlands","Male",22,"Less than 100","No","Some of them","Yes","Maybe","Not sure","No"
"433","United States","Male",24,"More than 1000","Maybe","Some of them","Some of them","No","Not sure","Don't know"
"434","United States","Male",27,"100-500","No","Some of them","No","No","No","No"
"435","Australia","Male",33,"More than 1000","No","Some of them","Yes","Maybe","Not sure","Don't know"
"436","United States","Male",36,"Less than 100","No","Some of them","Some of them","No","Not sure","No"
"437","Canada","Male",40,"Less than 100","No","Some of them","Some of them","No","No","No"
"438","United States","Male",28,"More than 1000","Maybe","Some of them","No","No","Yes","No"
"439","United States","Male",39,"500-1000","Yes","Yes","Yes","No","Not sure","Yes"
"440","United States","Male",32,"More than 1000","No","Yes","Some of them","Maybe","No","No"
"441","United States","Male",31,"More than 1000","Maybe","No","Some of them","No","Not sure","Don't know"
"442","United States","Male",38,"100-500","Maybe","Some of them","No","No","No","No"
"443","United States","Male",23,"Less than 100","Maybe","Some of them","Yes","No","Yes","No"
"444","United States","Male",42,"More than 1000","Maybe","Yes","Yes","Maybe","Yes","Yes"
"445","United States","Female",27,"500-1000","No","Some of them","Yes","No","Not sure","Don't know"
"446","United States","Female",26,"Less than 100","No","Yes","Yes","No","Yes","No"
"447","United States","Male",50,"Less than 100","No","No","No","No","Yes","No"
"448","United States","Male",37,"Less than 100","No","Yes","Yes","No","No","No"
"449","United States","Male",23,"Less than 100","No","Yes","Yes","No","No","Don't know"
"450","United States","Male",33,"Less than 100","No","Some of them","Yes","No","Not sure","No"
"451","Canada","Male",29,"Less than 100","Yes","Some of them","No","No","Yes","No"
"452","United States","Male",41,"More than 1000","Maybe","Some of them","Some of them","No","No","No"
"453","United States","Male",50,"100-500","No","Some of them","Yes","Maybe","No","No"
"454","United States","Male",35,"Less than 100","No","Some of them","Yes","Maybe","Yes","No"
"455","Australia","Male",27,"100-500","Maybe","Some of them","No","No","No","No"
"456","United States","Female",29,"Less than 100","Maybe","Some of them","Some of them","No","Yes","Yes"
"457","United States","Male",31,"Less than 100","Maybe","Yes","Yes","No","No","No"
"458","United States","Male",43,"Less than 100","No","Yes","Yes","No","Yes","No"
"459","United States","Male",34,"Less than 100","Maybe","Some of them","Some of them","No","Yes","No"
"460","United States","Male",29,"Less than 100","Yes","Some of them","Some of them","No","No","No"
"461","Canada","Male",19,"Less than 100","Maybe","Some of them","No","No","No","No"
"462","United States","Male",41,"More than 1000","Maybe","Some of them","Some of them","No","Not sure","Yes"
"463","United States","Male",29,"100-500","No","Some of them","Yes","No","Yes","Yes"
"464","United States","Male",23,"100-500","No","Some of them","Some of them","No","Not sure","Don't know"
"465","United States","Female",24,"100-500","Yes","No","No","No","Not sure","No"
"466","United States","Male",31,"Less than 100","Yes","No","No","No","No","No"
"467","United States","Male",43,"500-1000","No","Yes","Yes","No","Not sure","Don't know"
"468","United States","Male",31,"100-500","Yes","Some of them","No","No","No","No"
"469","United States","Male",29,"100-500","No","Some of them","Yes","No","Yes","Yes"
"470","United States","Male",35,"Less than 100","No","Yes","Yes","No","No","Yes"
"471","United States","Male",27,"More than 1000","Maybe","No","No","No","Not sure","Don't know"
"472","United States","Male",32,"100-500","Maybe","Some of them","Some of them","No","Yes","No"
"473","United States","Male",50,"Less than 100","Yes","Some of them","Some of them","No","No","No"
"474","United States","Male",27,"Less than 100","No","Yes","Yes","No","No","No"
"475","Australia","Male",27,"Less than 100","Yes","No","No","No","No","No"
"476","United States","Male",32,"Less than 100","No","Some of them","Yes","Maybe","Yes","No"
"477","United States","Male",29,"More than 1000","Yes","Some of them","No","No","No","No"
"478","United States","Male",30,"Less than 100","No","Yes","Yes","No","Not sure","No"
"479","United States","Male",35,"Less than 100","No","Some of them","Some of them","Maybe","No","Yes"
"480","Netherlands","Male",38,"Less than 100","Maybe","Some of them","Some of them","Maybe","Not sure","No"
"481","United Kingdom","Male",22,"100-500","No","Some of them","Yes","Maybe","Yes","No"
"482","Germany","Male",24,"100-500","No","Some of them","Some of them","No","No","No"
"483","Netherlands","Male",22,"Less than 100","No","Some of them","Yes","Maybe","Not sure","No"
"484","United States","Female",31,"Less than 100","Maybe","Some of them","Some of them","No","Yes","No"
"485","United States","Female",23,"More than 1000","Yes","No","No","No","Yes","Yes"
"486","United States","Female",31,"100-500","No","Some of them","Some of them","No","No","No"
"487","United States","Female",28,"500-1000","Maybe","No","Some of them","No","Yes","Yes"
"488","United States","Male",34,"Less than 100","No","Some of them","Some of them","No","Yes","No"
"489","Canada","Others",32,"Less than 100","Yes","Some of them","No","No","Yes","No"
"490","United States","Male",28,"Less than 100","Yes","Some of them","Some of them","No","Not sure","No"
"491","United Kingdom","Female",24,"100-500","Maybe","No","Some of them","No","No","No"
"492","United States","Male",56,"Less than 100","Yes","Some of them","Some of them","No","Yes","No"
"493","Germany","Male",31,"Less than 100","No","Yes","Yes","Maybe","No","No"
"494","United States","Female",34,"100-500","Maybe","Some of them","Yes","No","Yes","No"
"495","Germany","Male",28,"Less than 100","No","Some of them","Some of them","Yes","No","No"
"496","United Kingdom","Male",30,"Less than 100","No","Some of them","Yes","No","No","No"
"497","United States","Male",35,"Less than 100","No","Some of them","Yes","No","Not sure","No"
"498","Germany","Male",36,"Less than 100","No","Some of them","Yes","Maybe","Yes","No"
"499","Germany","Male",35,"Less than 100","Maybe","Some of them","Some of them","No","No","No"
"500","United States","Male",57,"Less than 100","Yes","No","No","No","Yes","No"
"501","Ireland","Male",37,"Less than 100","Yes","No","No","No","No","No"
"502","Ireland","Male",25,"Less than 100","Maybe","Some of them","Some of them","No","No","No"
"503","Australia","Male",30,"Less than 100","No","Some of them","Some of them","No","No","No"
"504","Netherlands","Female",22,"Less than 100","No","No","Some of them","No","No","No"
"505","United Kingdom","Male",29,"100-500","Maybe","No","No","No","Not sure","Don't know"
"506","United Kingdom","Male",54,"Less than 100","No","Some of them","Yes","Yes","Not sure","No"
"507","Germany","Male",32,"Less than 100","No","Some of them","Yes","No","No","No"
"508","United Kingdom","Male",30,"More than 1000","Maybe","Some of them","Yes","No","Yes","No"
"509","Germany","Male",31,"Less than 100","No","Some of them","Yes","Maybe","No","No"
"510","United Kingdom","Male",27,"Less than 100","No","Some of them","Yes","Maybe","No","No"
"511","United States","Male",32,"More than 1000","Maybe","Some of them","Some of them","No","Not sure","Don't know"
"512","Ireland","Male",26,"Less than 100","Maybe","Some of them","Yes","Maybe","No","No"
"513","Ireland","Male",30,"Less than 100","Maybe","Some of them","No","No","No","Don't know"
"514","Ireland","Male",24,"More than 1000","No","No","No","No","Not sure","Don't know"
"515","Netherlands","Male",26,"Less than 100","Maybe","No","No","No","No","No"
"516","France","Male",43,"100-500","No","Some of them","Yes","Maybe","No","No"
"517","United States","Male",23,"Less than 100","Maybe","No","No","No","Not sure","No"
"518","Canada","Male",26,"100-500","No","Some of them","Some of them","No","Not sure","Don't know"
"519","Canada","Male",35,"Less than 100","Maybe","Some of them","Some of them","No","No","No"
"520","United States","Female",29,"Less than 100","Yes","No","No","No","No","No"
"521","Germany","Male",29,"Less than 100","No","Yes","Yes","Yes","Yes","No"
"522","United States","Male",45,"Less than 100","No","Yes","Yes","No","Not sure","No"
"523","United Kingdom","Female",21,"Less than 100","Yes","Some of them","No","No","No","No"
"524","United States","Female",33,"More than 1000","No","Some of them","Yes","No","Yes","Yes"
"525","United States","Male",49,"100-500","Maybe","Some of them","Yes","No","Not sure","Yes"
"526","United States","Male",28,"Less than 100","Maybe","Some of them","No","No","No","No"
"527","United Kingdom","Female",27,"Less than 100","No","Yes","Yes","Maybe","Not sure","Yes"
"528","Canada","Male",23,"Less than 100","Maybe","Some of them","Some of them","No","No","No"
"529","Netherlands","Male",29,"Less than 100","No","Yes","Yes","No","No","No"
"530","Germany","Male",30,"Less than 100","No","Some of them","No","Maybe","No","No"
"531","Canada","Female",28,"More than 1000","No","Some of them","Yes","No","Not sure","Don't know"
"532","United Kingdom","Male",32,"Less than 100","Yes","No","No","No","No","No"
"533","France","Male",37,"100-500","Maybe","Some of them","Some of them","No","No","No"
"534","France","Male",31,"500-1000","Maybe","Some of them","No","No","No","No"
"535","United States","Male",29,"Less than 100","Maybe","Some of them","No","No","No","No"
"536","United States","Male",33,"Less than 100","No","Yes","Yes","No","Yes","Yes"
"537","United States","Male",37,"100-500","Maybe","Yes","Yes","No","Yes","Don't know"
"538","United Kingdom","Male",32,"100-500","Maybe","Yes","Yes","No","No","No"
"539","United States","Male",26,"Less than 100","Yes","Some of them","No","No","Not sure","No"
"540","United States","Male",32,"Less than 100","No","Yes","Yes","Yes","Not sure","Don't know"
"541","United States","Female",37,"Less than 100","Yes","Some of them","No","No","Not sure","No"
"542","United States","Male",29,"Less than 100","No","Yes","Yes","Maybe","Yes","No"
"543","United Kingdom","Male",34,"Less than 100","Maybe","Some of them","Yes","No","No","No"
"544","France","Male",27,"Less than 100","No","Yes","Yes","No","Not sure","Don't know"
"545","United States","Male",30,"100-500","No","Some of them","Yes","No","No","No"
"546","United States","Male",29,"Less than 100","Maybe","Some of them","Some of them","No","Yes","No"
"547","United States","Male",32,"Less than 100","Yes","Some of them","No","No","Yes","Don't know"
"548","Germany","Male",25,"500-1000","Maybe","Some of them","Yes","Yes","Yes","Don't know"
"549","United States","Male",37,"Less than 100","No","Yes","Yes","Maybe","Yes","Yes"
"550","Netherlands","Male",29,"Less than 100","No","Some of them","Yes","No","No","No"
"551","United States","Male",27,"Less than 100","No","Yes","Yes","No","Not sure","No"
"552","United Kingdom","Male",33,"Less than 100","Maybe","Some of them","Some of them","No","No","No"
"553","Canada","Male",29,"Less than 100","Maybe","Yes","Yes","No","Yes","No"
"554","United States","Male",25,"Less than 100","Yes","Some of them","Yes","No","No","Yes"
"555","Germany","Male",21,"Less than 100","Maybe","Some of them","Some of them","No","No","No"
"556","United Kingdom","Male",37,"Less than 100","Yes","Yes","Yes","Maybe","No","No"
"557","France","Male",24,"Less than 100","Maybe","Yes","Some of them","No","No","Yes"
"558","United States","Male",29,"Less than 100","No","Yes","Yes","No","Not sure","No"
"559","United Kingdom","Male",33,"Less than 100","Maybe","Some of them","No","No","Not sure","No"
"560","United Kingdom","Male",27,"Less than 100","Maybe","Yes","Some of them","No","No","No"
"561","Australia","Male",37,"Less than 100","No","Some of them","Yes","No","Yes","No"
"562","United Kingdom","Male",39,"100-500","No","No","Some of them","No","No","No"
"563","United States","Male",31,"Less than 100","Maybe","Some of them","Yes","Maybe","Yes","No"
"564","United States","Male",36,"100-500","Maybe","Some of them","Some of them","Maybe","Yes","No"
"565","United States","Male",30,"Less than 100","No","Some of them","Some of them","No","Not sure","Don't know"
"566","Canada","Male",28,"Less than 100","No","Some of them","Yes","Maybe","Not sure","No"
"567","United States","Male",35,"Less than 100","No","Some of them","Yes","No","Yes","Yes"
"568","Canada","Male",19,"Less than 100","No","Some of them","Yes","No","Not sure","No"
"569","Germany","Male",42,"More than 1000","No","Some of them","No","No","Not sure","Yes"
"570","United States","Male",37,"100-500","Maybe","Some of them","Some of them","No","Not sure","Don't know"
"571","United States","Male",36,"More than 1000","No","Some of them","Yes","No","Yes","Yes"
"572","United States","Male",26,"More than 1000","Yes","No","No","No","No","Yes"
"573","Germany","Male",34,"Less than 100","Maybe","No","Some of them","Maybe","No","No"
"574","Canada","Male",31,"Less than 100","No","No","No","No","Yes","No"
"575","Ireland","Male",37,"Less than 100","No","Yes","Yes","Maybe","No","No"
"576","Ireland","Male",38,"Less than 100","Yes","No","No","No","No","No"
"577","United States","Female",27,"100-500","Yes","Some of them","No","No","Not sure","Yes"
"578","Netherlands","Male",39,"Less than 100","No","Some of them","Yes","Maybe","No","Yes"
"579","United States","Female",33,"Less than 100","Maybe","Some of them","No","No","Yes","Yes"
"580","United Kingdom","Male",27,"Less than 100","No","Some of them","No","Yes","Not sure","No"
"581","United States","Female",36,"Less than 100","Maybe","Some of them","Some of them","No","No","No"
"582","United Kingdom","Male",28,"Less than 100","No","Some of them","Yes","Maybe","Not sure","No"
"583","United States","Male",33,"Less than 100","Maybe","Yes","Yes","No","Yes","No"
"584","United Kingdom","Male",37,"Less than 100","Yes","Some of them","Yes","No","No","No"
"585","United States","Male",43,"Less than 100","Maybe","No","No","No","No","No"
"586","United States","Female",27,"More than 1000","Maybe","Some of them","Yes","No","Not sure","No"
"587","United Kingdom","Female",31,"Less than 100","No","Yes","Yes","Maybe","No","No"
"588","United Kingdom","Male",43,"Less than 100","No","Yes","Yes","Yes","No","No"
"589","United States","Male",33,"Less than 100","No","Yes","Yes","Yes","Yes","No"
"590","United Kingdom","Male",34,"More than 1000","No","Some of them","Yes","No","Not sure","Don't know"
"591","United States","Male",33,"Less than 100","No","Yes","Yes","No","No","No"
"592","United States","Male",25,"Less than 100","No","Some of them","Yes","No","No","No"
"593","United Kingdom","Male",32,"Less than 100","No","No","Yes","No","Yes","No"
"594","United States","Male",25,"Less than 100","Maybe","Some of them","Some of them","No","Yes","Don't know"
"595","United Kingdom","Male",29,"100-500","No","Some of them","Yes","No","Not sure","No"
"596","United States","Male",33,"More than 1000","Maybe","Some of them","Some of them","No","Yes","Don't know"
"597","United States","Female",37,"Less than 100","Yes","Some of them","Some of them","No","Not sure","No"
"598","United States","Female",22,"More than 1000","Yes","Some of them","Some of them","No","Not sure","Don't know"
"599","United States","Male",38,"Less than 100","Maybe","Some of them","Yes","No","Yes","No"
"600","United States","Female",32,"100-500","Yes","Some of them","Yes","No","No","No"
"601","United States","Female",35,"100-500","Maybe","Some of them","No","No","No","Don't know"
"602","United States","Male",23,"Less than 100","No","Some of them","Yes","Maybe","Yes","No"
"603","United States","Male",39,"Less than 100","Yes","No","No","No","No","No"
"604","United States","Female",30,"More than 1000","No","Some of them","No","No","Yes","Yes"
"605","United Kingdom","Male",32,"Less than 100","Maybe","Some of them","Some of them","Maybe","Not sure","No"
"606","United States","Female",28,"Less than 100","Yes","Some of them","Some of them","No","Yes","No"
"607","United States","Female",36,"Less than 100","No","No","Some of them","No","No","No"
"608","United States","Male",27,"Less than 100","No","Yes","Yes","Maybe","Not sure","No"
"609","United States","Male",41,"More than 1000","Maybe","Some of them","Some of them","No","Yes","No"
"610","United Kingdom","Male",29,"Less than 100","Maybe","Some of them","No","No","No","No"
"611","United Kingdom","Male",29,"100-500","No","Some of them","Some of them","No","No","No"
"612","United States","Male",28,"Less than 100","Maybe","Some of them","Some of them","No","Yes","No"
"613","United Kingdom","Female",36,"Less than 100","Maybe","Some of them","No","No","Not sure","Don't know"
"614","United States","Female",39,"Less than 100","Yes","No","No","No","Not sure","No"
"615","United States","Male",39,"500-1000","Maybe","Some of them","Yes","No","Yes","Yes"
"616","United States","Male",44,"Less than 100","Yes","Some of them","No","No","Yes","No"
"617","Germany","Others",26,"Less than 100","No","Some of them","Some of them","Maybe","Not sure","Yes"
"618","United States","Male",38,"More than 1000","Yes","No","No","No","Yes","No"
"619","United States","Male",34,"More than 1000","No","Some of them","Yes","No","Not sure","Don't know"
"620","United States","Male",43,"More than 1000","No","Some of them","Yes","No","No","Yes"
"621","United States","Female",48,"Less than 100","Yes","No","Some of them","No","No","No"
"622","United States","Male",20,"Less than 100","No","Some of them","Yes","Maybe","Not sure","Don't know"
"623","United States","Male",40,"Less than 100","Yes","Some of them","No","No","Not sure","No"
"624","United Kingdom","Female",29,"Less than 100","Maybe","Some of them","No","No","No","No"
"625","United States","Male",40,"100-500","Maybe","Some of them","Some of them","No","Not sure","No"
"626","United States","Female",29,"100-500","No","Yes","Yes","No","Not sure","Don't know"
"627","United States","Male",34,"Less than 100","Yes","No","No","No","No","No"
"628","United States","Female",24,"Less than 100","No","Some of them","Yes","No","Yes","No"
"629","United States","Female",47,"100-500","Yes","No","No","No","No","No"
"630","United States","Male",36,"More than 1000","No","Some of them","Yes","No","Yes","Yes"
"631","United Kingdom","Male",36,"Less than 100","No","Yes","Yes","No","No","No"
"632","United States","Female",31,"100-500","No","Yes","Yes","Maybe","Yes","No"
"633","United States","Male",35,"More than 1000","Maybe","Some of them","No","No","Not sure","Yes"
"634","United States","Male",34,"100-500","Maybe","Some of them","No","No","No","Yes"
"635","Netherlands","Male",36,"Less than 100","No","Yes","No","No","No","No"
"636","United States","Male",40,"Less than 100","No","Yes","Yes","No","Yes","No"
"637","United States","Male",40,"More than 1000","No","Some of them","Some of them","No","Yes","Yes"
"638","United States","Male",42,"Less than 100","Maybe","No","No","No","Yes","No"
"639","United States","Male",23,"Less than 100","Maybe","No","Some of them","No","Yes","No"
"640","Canada","Male",26,"Less than 100","Yes","Some of them","Some of them","No","No","No"
"641","United States","Male",31,"Less than 100","Maybe","Some of them","Some of them","No","Not sure","No"
"642","United States","Male",25,"More than 1000","No","Some of them","Yes","Maybe","Yes","Yes"
"643","United States","Male",51,"More than 1000","No","Yes","Yes","No","Yes","Yes"
"644","United States","Male",24,"Less than 100","No","Some of them","Yes","No","Not sure","Don't know"
"645","United States","Male",33,"100-500","Maybe","Some of them","Yes","No","No","No"
"646","United Kingdom","Male",26,"Less than 100","No","Yes","Yes","Maybe","Not sure","Don't know"
"647","United States","Male",33,"Less than 100","Yes","Some of them","Yes","No","Yes","No"
"648","United Kingdom","Male",34,"Less than 100","Yes","No","No","No","No","No"
"649","United States","Male",35,"Less than 100","Maybe","Some of them","Some of them","No","Yes","No"
"650","United States","Male",39,"Less than 100","Maybe","Some of them","Yes","Maybe","Yes","No"
"651","Germany","Male",32,"Less than 100","No","Some of them","Some of them","Maybe","Yes","No"
"652","United States","Male",56,"More than 1000","No","Yes","Yes","Yes","Yes","Don't know"
"653","United Kingdom","Female",32,"100-500","Maybe","Some of them","Some of them","No","No","No"
"654","United States","Male",39,"More than 1000","No","Some of them","Yes","No","Not sure","Don't know"
"655","United States","Male",30,"Less than 100","Yes","No","No","No","Not sure","No"
"656","United States","Male",31,"Less than 100","Maybe","Some of them","Some of them","No","No","Yes"
"657","United States","Male",31,"Less than 100","Maybe","No","No","No","Yes","No"
"658","United States","Male",29,"Less than 100","Maybe","Some of them","Some of them","No","Not sure","Don't know"
"659","United States","Male",30,"Less than 100","No","Some of them","Yes","Maybe","Yes","Don't know"
"660","United States","Male",37,"500-1000","Maybe","Some of them","Yes","No","No","Yes"
"661","United States","Male",36,"Less than 100","No","Some of them","Yes","Yes","No","No"
"662","United States","Male",35,"Less than 100","Maybe","Some of them","No","No","Yes","No"
"663","United Kingdom","Male",31,"Less than 100","No","Some of them","Yes","No","Not sure","No"
"664","United States","Male",39,"More than 1000","Maybe","Some of them","Yes","Maybe","No","Yes"
"665","United States","Male",32,"Less than 100","Yes","Some of them","No","No","Yes","No"
"666","United States","Male",29,"100-500","No","Some of them","Yes","No","Not sure","Don't know"
"667","United States","Male",30,"100-500","Yes","Some of them","No","Maybe","No","Don't know"
"668","United States","Male",40,"500-1000","Maybe","Some of them","Some of them","No","Not sure","No"
"669","United States","Male",33,"More than 1000","No","Some of them","Yes","No","Yes","Yes"
"670","Germany","Male",34,"Less than 100","Maybe","Some of them","Some of them","No","Not sure","No"
"671","United States","Male",50,"Less than 100","No","Some of them","Yes","No","Yes","No"
"672","United States","Male",24,"Less than 100","No","Some of them","Yes","No","No","No"
"673","United Kingdom","Male",43,"Less than 100","Yes","Some of them","No","No","No","No"
"674","United States","Female",25,"Less than 100","Maybe","Some of them","Some of them","No","Yes","Yes"
"675","United Kingdom","Male",24,"Less than 100","No","No","No","No","Yes","No"
"676","United States","Male",51,"Less than 100","No","Some of them","Some of them","Maybe","Yes","No"
"677","United States","Male",49,"More than 1000","Yes","No","No","No","Yes","No"
"678","United States","Male",30,"More than 1000","Yes","No","No","No","No","Yes"
"679","United States","Female",25,"More than 1000","Yes","No","No","No","Yes","Yes"
"680","United States","Male",36,"500-1000","Maybe","No","No","No","Yes","Don't know"
"681","United States","Male",48,"More than 1000","Maybe","Yes","Yes","No","Yes","Yes"
"682","Australia","Male",48,"Less than 100","Yes","Some of them","No","No","No","No"
"683","United States","Male",53,"Less than 100","Maybe","Some of them","No","No","Yes","No"
"684","United Kingdom","Female",24,"Less than 100","No","Yes","Yes","No","No","No"
"685","United States","Male",33,"Less than 100","No","Yes","Yes","No","Yes","No"
"686","Canada","Female",25,"Less than 100","No","Some of them","Yes","No","Yes","No"
"687","United Kingdom","Male",30,"Less than 100","Yes","Some of them","No","No","No","No"
"688","United States","Male",30,"Less than 100","Maybe","Some of them","Some of them","Maybe","Yes","No"
"689","United Kingdom","Male",34,"Less than 100","No","Some of them","Some of them","No","No","No"
"690","United States","Male",31,"More than 1000","No","Some of them","Yes","Maybe","Yes","Yes"
"691","United States","Female",22,"More than 1000","Yes","No","No","No","Not sure","No"
"692","United States","Male",28,"Less than 100","No","Some of them","Yes","No","Not sure","No"
"693","United States","Male",33,"500-1000","No","Yes","Yes","Yes","No","Don't know"
"694","United States","Male",29,"More than 1000","Yes","No","No","No","No","Yes"
"695","United States","Male",29,"Less than 100","No","Some of them","Some of them","Maybe","Yes","Yes"
"696","United States","Male",25,"100-500","No","Yes","Yes","Maybe","No","No"
"697","United States","Male",31,"100-500","No","Some of them","Yes","No","No","Don't know"
"698","United States","Male",34,"Less than 100","No","Some of them","Yes","No","No","No"
"699","United States","Male",43,"100-500","Yes","Some of them","No","No","Yes","No"
"700","United States","Male",38,"100-500","Yes","No","Some of them","No","Not sure","No"
"701","United States","Male",26,"More than 1000","Maybe","Some of them","Some of them","Yes","Not sure","No"
"702","United States","Male",42,"Less than 100","Yes","No","No","No","No","No"
"703","Netherlands","Male",33,"Less than 100","No","Yes","Yes","Maybe","No","No"
"704","United States","Male",32,"More than 1000","Maybe","Some of them","Some of them","No","Yes","Yes"
"705","United States","Male",44,"Less than 100","Maybe","Some of them","Yes","No","Yes","Yes"
"706","United States","Male",28,"More than 1000","Maybe","Some of them","No","No","Yes","Don't know"
"707","United States","Male",40,"More than 1000","Yes","Some of them","Some of them","No","Yes","Yes"
"708","United States","Female",31,"500-1000","Maybe","Some of them","Yes","No","Yes","No"
"709","United States","Male",32,"100-500","Yes","Some of them","No","No","Yes","Yes"
"710","United States","Male",28,"More than 1000","Maybe","Some of them","No","No","No","Don't know"
"711","United States","Male",39,"Less than 100","Yes","Some of them","No","No","Yes","No"
"712","United States","Male",43,"More than 1000","No","Yes","Yes","Maybe","Yes","Yes"
"713","United States","Male",35,"More than 1000","Maybe","Some of them","Some of them","No","Yes","Don't know"
"714","United States","Male",40,"Less than 100","Maybe","Some of them","Some of them","No","Yes","Don't know"
"715","Netherlands","Male",34,"Less than 100","No","Yes","Yes","Maybe","Yes","No"
"716","United States","Female",36,"Less than 100","Yes","Some of them","No","No","No","No"
"717","United States","Male",38,"Less than 100","Maybe","Some of them","Yes","Maybe","No","No"
"718","Germany","Male",33,"Less than 100","No","Some of them","Yes","Yes","Not sure","Yes"
"719","Netherlands","Male",34,"Less than 100","No","Yes","Some of them","No","Yes","Yes"
"720","United States","Male",26,"More than 1000","No","Some of them","Some of them","No","Not sure","Don't know"
"721","United Kingdom","Male",33,"More than 1000","No","Some of them","Yes","Maybe","Not sure","Don't know"
"722","United Kingdom","Male",32,"Less than 100","No","No","Yes","No","No","No"
"723","Germany","Male",25,"Less than 100","No","Some of them","Yes","Yes","Yes","No"
"724","United Kingdom","Male",24,"Less than 100","Maybe","Some of them","Some of them","No","Not sure","No"
"725","United Kingdom","Male",33,"Less than 100","Yes","Some of them","Some of them","No","Yes","No"
"726","United Kingdom","Female",26,"Less than 100","Maybe","Some of them","Yes","No","No","No"
"727","United Kingdom","Male",25,"Less than 100","No","Yes","Yes","No","Not sure","Don't know"
"728","United Kingdom","Female",33,"Less than 100","No","Some of them","Yes","No","Yes","Yes"
"729","United States","Male",43,"More than 1000","Yes","No","No","No","Not sure","No"
"730","United Kingdom","Male",30,"Less than 100","Yes","No","No","No","Yes","No"
"731","United States","Male",40,"Less than 100","No","Yes","Yes","No","Not sure","No"
"732","United States","Male",49,"More than 1000","No","Yes","Yes","No","Yes","Yes"
"733","Germany","Male",29,"Less than 100","No","Some of them","Yes","Maybe","Not sure","No"
"734","Germany","Male",26,"500-1000","No","Some of them","Some of them","Maybe","No","Don't know"
"735","United States","Male",38,"More than 1000","Maybe","Some of them","Some of them","No","Yes","Yes"
"736","United Kingdom","Male",28,"Less than 100","Maybe","Yes","Yes","No","No","No"
"737","United States","Male",40,"Less than 100","Maybe","Some of them","Yes","No","No","No"
"738","Canada","Female",37,"Less than 100","Yes","Some of them","Some of them","Maybe","Yes","No"
"739","United States","Male",28,"100-500","Maybe","Some of them","Some of them","No","Not sure","No"
"740","Canada","Male",27,"Less than 100","No","Yes","Yes","Maybe","Not sure","Yes"
"741","United Kingdom","Male",29,"Less than 100","No","Yes","Yes","No","No","No"
"742","United Kingdom","Female",39,"500-1000","Yes","No","No","No","Not sure","No"
"743","United Kingdom","Male",28,"Less than 100","Yes","No","No","No","No","No"
"744","United States","Male",23,"Less than 100","No","No","No","No","Not sure","Yes"
"745","United Kingdom","Male",38,"Less than 100","No","Some of them","Yes","No","No","No"
"746","United Kingdom","Male",19,"Less than 100","No","Yes","Yes","No","No","No"
"747","United States","Female",30,"Less than 100","No","Some of them","No","No","Yes","Yes"
"748","United Kingdom","Male",28,"Less than 100","Maybe","No","No","No","Yes","No"
"749","United Kingdom","Male",35,"Less than 100","No","Some of them","Yes","No","Not sure","No"
"750","United States","Male",39,"100-500","Maybe","Some of them","Yes","No","Yes","No"
"751","United Kingdom","Male",32,"500-1000","Yes","No","No","No","No","No"
"752","United States","Male",25,"Less than 100","No","Yes","Yes","Maybe","Yes","No"
"753","United States","Male",42,"Less than 100","Maybe","Some of them","Yes","No","No","No"
"754","United States","Male",34,"100-500","No","Yes","Yes","Maybe","Yes","No"
"755","United States","Female",26,"Less than 100","Maybe","Some of them","No","Maybe","No","No"
"756","United Kingdom","Male",35,"Less than 100","Yes","Some of them","Some of them","No","Yes","No"
"757","United Kingdom","Male",34,"500-1000","Maybe","Yes","Yes","No","No","No"
"758","United States","Male",34,"100-500","Yes","Some of them","No","No","No","No"
"759","United States","Male",39,"Less than 100","No","Some of them","Yes","Maybe","Yes","No"
"760","United States","Female",44,"100-500","Yes","No","No","No","Not sure","No"
"761","United States","Female",33,"Less than 100","Maybe","No","Some of them","No","Yes","Don't know"
"762","United States","Female",38,"Less than 100","No","Some of them","Yes","No","Not sure","Don't know"
"763","United States","Male",31,"More than 1000","Yes","Some of them","Some of them","No","Not sure","Yes"
"764","United States","Female",26,"Less than 100","No","Yes","Yes","No","Not sure","No"
"765","United States","Male",30,"Less than 100","Maybe","Some of them","No","No","No","No"
"766","United States","Male",25,"Less than 100","Yes","Some of them","Some of them","No","No","No"
"767","Canada","Male",19,"Less than 100","No","Some of them","Some of them","No","No","No"
"768","United States","Male",32,"Less than 100","No","Yes","Yes","No","Yes","Yes"
"769","United Kingdom","Male",32,"Less than 100","Maybe","No","No","No","No","No"
"770","United States","Male",37,"Less than 100","Maybe","Some of them","Some of them","No","No","No"
"771","United States","Male",42,"Less than 100","Maybe","Some of them","Some of them","No","No","No"
"772","United States","Female",25,"More than 1000","Maybe","Some of them","Yes","Maybe","Yes","Yes"
"773","United States","Male",19,"Less than 100","No","Some of them","Yes","Maybe","Not sure","No"
"774","United States","Female",40,"100-500","Yes","No","No","No","Yes","Yes"
"775","United States","Male",26,"Less than 100","No","Some of them","Yes","No","Not sure","No"
"776","United States","Male",31,"Less than 100","No","Yes","Yes","Maybe","Not sure","Don't know"
"777","United States","Female",31,"Less than 100","Yes","No","No","No","No","No"
"778","Canada","Male",35,"Less than 100","Maybe","No","Some of them","No","Yes","No"
"779","Australia","Male",26,"Less than 100","No","Yes","Yes","No","No","No"
"780","United States","Female",34,"Less than 100","No","Some of them","Yes","No","Not sure","No"
"781","United States","Male",35,"Less than 100","No","No","No","No","No","No"
"782","United States","Female",28,"Less than 100","Yes","Some of them","Some of them","No","No","No"
"783","United States","Male",33,"Less than 100","No","Some of them","Yes","No","No","Don't know"
"784","United States","Male",40,"More than 1000","Yes","No","No","No","Yes","No"
"785","United States","Male",26,"Less than 100","Maybe","Some of them","No","No","Yes","No"
"786","Canada","Female",26,"100-500","Maybe","Some of them","No","No","Not sure","No"
"787","United Kingdom","Male",39,"Less than 100","No","Yes","Yes","No","Yes","Yes"
"788","United States","Female",26,"More than 1000","No","Some of them","Yes","No","Yes","No"
"789","United States","Male",36,"Less than 100","No","Some of them","Some of them","No","Not sure","Don't know"
"790","United States","Male",39,"500-1000","No","Some of them","Yes","No","Yes","No"
"791","United States","Male",27,"Less than 100","Maybe","Some of them","Yes","Maybe","No","No"
"792","United States","Male",33,"Less than 100","Maybe","Some of them","Yes","No","No","No"
"793","Canada","Male",31,"More than 1000","Maybe","Some of them","No","No","Not sure","Don't know"
"794","United States","Female",28,"Less than 100","No","Some of them","Some of them","No","Yes","Don't know"
"795","United States","Male",27,"100-500","Maybe","Some of them","No","No","Not sure","No"
"796","United States","Male",44,"Less than 100","No","No","No","No","No","No"
"797","United States","Male",25,"Less than 100","Maybe","Some of them","No","No","No","No"
"798","Germany","Male",24,"Less than 100","Maybe","Yes","Yes","No","No","No"
"799","United States","Male",34,"Less than 100","Maybe","No","Some of them","No","Not sure","Don't know"
"800","United States","Female",39,"Less than 100","Maybe","Some of them","Some of them","No","No","No"
"801","United States","Male",43,"More than 1000","Maybe","No","No","No","Not sure","No"
"802","United States","Male",41,"More than 1000","Maybe","Some of them","No","No","Yes","Yes"
"803","United States","Male",31,"100-500","Maybe","Some of them","No","No","Yes","No"
"804","United States","Male",40,"More than 1000","Yes","No","No","No","Yes","Yes"
"805","United States","Male",43,"Less than 100","Maybe","Some of them","Some of them","No","Not sure","No"
"806","United States","Female",27,"More than 1000","Maybe","Yes","Some of them","No","Yes","Yes"
"807","United States","Female",37,"Less than 100","Yes","No","No","No","Yes","No"
"808","Netherlands","Male",32,"Less than 100","Maybe","Some of them","Yes","No","No","No"
"809","United States","Male",25,"Less than 100","Maybe","Yes","Yes","No","Yes","No"
"810","Netherlands","Male",29,"Less than 100","No","Yes","Yes","Maybe","Not sure","Don't know"
"811","Germany","Male",37,"Less than 100","No","Yes","Yes","Maybe","No","No"
"812","Germany","Male",41,"More than 1000","No","Yes","Yes","No","No","No"
"813","United States","Male",32,"Less than 100","No","Some of them","Yes","No","Yes","Yes"
"814","United States","Female",28,"100-500","Maybe","Some of them","Some of them","No","Yes","Don't know"
"815","United States","Male",32,"100-500","Yes","Yes","Yes","No","Yes","No"
"816","United States","Male",25,"More than 1000","Yes","No","No","No","Yes","Yes"
"817","United States","Male",37,"100-500","No","No","Yes","No","No","No"
"818","United States","Male",24,"Less than 100","No","Yes","Yes","Maybe","No","No"
"819","United States","Male",40,"More than 1000","Maybe","Some of them","Some of them","No","Not sure","Yes"
"820","United States","Male",43,"500-1000","No","Yes","Some of them","No","No","No"
"821","United States","Male",29,"Less than 100","Maybe","Some of them","Yes","Maybe","Not sure","No"
"822","United States","Male",26,"100-500","Maybe","Some of them","No","No","Not sure","No"
"823","Canada","Female",33,"Less than 100","Yes","No","No","No","Yes","No"
"824","United States","Female",35,"Less than 100","No","Yes","Some of them","No","No","No"
"825","United States","Male",45,"Less than 100","Yes","Some of them","No","No","No","No"
"826","United States","Male",25,"Less than 100","Maybe","No","Some of them","No","Yes","No"
"827","France","Male",50,"Less than 100","Maybe","Some of them","Yes","No","No","No"
"828","Australia","Male",26,"Less than 100","No","Yes","Yes","Maybe","No","Don't know"
"829","United States","Female",33,"More than 1000","Yes","No","No","No","Yes","Don't know"
"830","France","Male",29,"Less than 100","Maybe","Yes","Some of them","No","No","No"
"831","Germany","Male",37,"Less than 100","Maybe","Some of them","No","Maybe","Not sure","No"
"832","United States","Male",25,"Less than 100","No","Yes","Yes","Maybe","No","Don't know"
"833","Canada","Male",24,"Less than 100","Maybe","No","No","No","Yes","No"
"834","United Kingdom","Male",40,"100-500","Maybe","Yes","Some of them","No","Not sure","No"
"835","United States","Male",46,"Less than 100","Yes","No","Some of them","No","Yes","No"
"836","United States","Male",34,"Less than 100","Yes","No","No","No","Yes","No"
"837","United Kingdom","Male",32,"Less than 100","No","Some of them","Yes","No","Yes","Yes"
"838","United Kingdom","Female",33,"100-500","Maybe","Some of them","Some of them","No","Not sure","No"
"839","United States","Male",35,"Less than 100","No","No","No","No","Not sure","Don't know"
"840","Germany","Male",26,"Less than 100","Maybe","Yes","Yes","Maybe","No","No"
"841","United States","Female",20,"Less than 100","No","Some of them","Some of them","Maybe","Not sure","Don't know"
"842","Netherlands","Male",37,"Less than 100","Maybe","Some of them","Yes","No","No","No"
"843","United Kingdom","Male",32,"Less than 100","Maybe","No","No","No","No","No"
"844","United States","Female",36,"More than 1000","Maybe","Some of them","No","No","Yes","No"
"845","United Kingdom","Male",25,"Less than 100","No","Some of them","Yes","No","No","No"
"846","United Kingdom","Male",41,"Less than 100","Maybe","Some of them","Some of them","Maybe","No","No"
"847","Germany","Male",23,"Less than 100","Maybe","No","No","No","Not sure","No"
"848","United States","Female",26,"Less than 100","Maybe","No","No","No","No","No"
"849","United Kingdom","Male",38,"Less than 100","No","Some of them","Yes","Maybe","Not sure","Don't know"
"850","United States","Male",32,"Less than 100","Maybe","No","Some of them","No","Not sure","No"
"851","United States","Male",32,"More than 1000","Maybe","Some of them","Some of them","No","Yes","Yes"
"852","United Kingdom","Male",26,"Less than 100","Yes","Some of them","No","No","No","No"
"853","Canada","Male",38,"100-500","No","Yes","Yes","No","Not sure","No"
"854","Canada","Male",32,"Less than 100","No","Yes","Yes","Maybe","Not sure","No"
"855","Netherlands","Male",37,"Less than 100","Yes","Some of them","Some of them","No","Not sure","Don't know"
"856","United Kingdom","Male",31,"Less than 100","No","Some of them","Some of them","No","Not sure","No"
"857","United States","Male",30,"Less than 100","No","No","No","No","Yes","No"
"858","United States","Male",29,"Less than 100","Yes","Some of them","Some of them","No","Yes","No"
"859","United Kingdom","Male",31,"100-500","Maybe","Some of them","No","No","No","No"
"860","United States","Male",26,"Less than 100","Maybe","Some of them","Some of them","Maybe","No","No"
"861","United States","Male",32,"More than 1000","Maybe","Yes","Yes","No","No","Yes"
"862","United States","Female",32,"More than 1000","Maybe","Some of them","No","No","Yes","No"
"863","United States","Male",29,"More than 1000","Maybe","Some of them","Yes","Maybe","Not sure","No"
"864","United States","Female",40,"Less than 100","No","Yes","Yes","No","Yes","No"
"865","United Kingdom","Male",23,"Less than 100","Maybe","Yes","Yes","Yes","No","No"
"866","United States","Male",38,"Less than 100","No","Some of them","Yes","No","No","No"
"867","United States","Female",26,"100-500","Maybe","No","No","No","No","No"
"868","United States","Male",29,"Less than 100","No","Some of them","Yes","No","No","No"
"869","United States","Female",32,"Less than 100","Maybe","Some of them","No","No","Yes","No"
"870","United States","Female",35,"Less than 100","Maybe","Some of them","Some of them","No","No","No"
"871","United States","Female",28,"Less than 100","Yes","Some of them","Some of them","No","Yes","No"
"872","United States","Female",56,"Less than 100","Maybe","No","No","No","Not sure","Don't know"
"873","United States","Male",38,"Less than 100","Maybe","Some of them","Some of them","No","No","No"
"874","United States","Male",40,"Less than 100","Maybe","Some of them","No","No","Yes","No"
"875","United States","Male",44,"100-500","Maybe","Some of them","Some of them","No","Yes","No"
"876","Canada","Male",34,"More than 1000","Maybe","No","No","No","Not sure","Yes"
"877","United Kingdom","Male",37,"Less than 100","No","Some of them","Yes","No","No","No"
"878","Germany","Male",27,"Less than 100","No","Some of them","Yes","Yes","Not sure","No"
"879","Ireland","Female",35,"Less than 100","Maybe","Some of them","No","No","No","No"
"880","Ireland","Male",34,"Less than 100","Yes","Some of them","Yes","No","No","No"
"881","United States","Male",32,"Less than 100","Yes","Some of them","No","No","Not sure","No"
"882","Ireland","Male",25,"100-500","Maybe","Some of them","Yes","No","Not sure","No"
"883","Australia","Male",28,"100-500","Yes","No","No","No","Yes","No"
"884","United States","Female",28,"Less than 100","Yes","Some of them","No","No","No","No"
"885","United Kingdom","Male",24,"100-500","Maybe","Some of them","Yes","No","Not sure","No"
"886","Ireland","Male",34,"Less than 100","Maybe","Some of them","Yes","No","No","No"
"887","Ireland","Male",32,"Less than 100","No","Some of them","Yes","No","No","No"
"888","United States","Male",23,"Less than 100","Maybe","Some of them","Yes","No","Yes","No"
"889","Ireland","Male",24,"Less than 100","Maybe","No","No","No","No","No"
"890","Ireland","Male",45,"More than 1000","Yes","Yes","Some of them","No","Not sure","No"
"891","United States","Male",33,"Less than 100","Maybe","Some of them","No","No","Yes","No"
"892","Netherlands","Male",28,"Less than 100","Maybe","Some of them","Some of them","No","Not sure","No"
"893","Ireland","Male",42,"Less than 100","Yes","Some of them","Some of them","No","Yes","No"
"894","Netherlands","Male",28,"Less than 100","Maybe","Some of them","Some of them","No","Not sure","No"
"895","United States","Male",38,"More than 1000","No","Yes","Yes","No","No","Yes"
"896","United States","Male",46,"Less than 100","Maybe","Some of them","No","No","No","No"
"897","United States","Male",46,"100-500","No","Some of them","Yes","Yes","Not sure","Don't know"
"898","Netherlands","Female",41,"Less than 100","No","Yes","Yes","Yes","Yes","Don't know"
"899","United Kingdom","Male",23,"Less than 100","Maybe","Some of them","Some of them","No","No","No"
"900","Ireland","Male",24,"More than 1000","Maybe","Some of them","No","No","Yes","No"
"901","Ireland","Female",23,"Less than 100","No","Yes","Some of them","No","Yes","Yes"
"902","Ireland","Female",32,"More than 1000","Maybe","Some of them","Some of them","No","Yes","Don't know"
"903","United States","Male",25,"Less than 100","Yes","Some of them","Some of them","No","Yes","No"
"904","United Kingdom","Female",23,"Less than 100","No","Yes","Yes","Maybe","Yes","No"
"905","United Kingdom","Male",24,"Less than 100","Maybe","Some of them","Some of them","No","No","No"
"906","United Kingdom","Male",23,"Less than 100","No","Yes","Yes","No","Yes","No"
"907","Canada","Male",23,"Less than 100","Maybe","Yes","Some of them","No","Yes","Yes"
"908","United States","Male",60,"More than 1000","Maybe","Some of them","No","No","No","Yes"
"909","Ireland","Male",28,"Less than 100","Yes","No","No","No","Yes","No"
"910","Netherlands","Male",30,"500-1000","Maybe","Yes","Yes","Maybe","No","No"
"911","Germany","Male",31,"100-500","No","Some of them","No","No","No","No"
"912","Ireland","Male",28,"Less than 100","Maybe","No","No","No","No","No"
"913","United States","Female",43,"More than 1000","No","Some of them","Yes","No","Yes","No"
"914","United States","Male",32,"100-500","No","No","Some of them","Maybe","Not sure","Don't know"
"915","United States","Female",41,"Less than 100","Yes","No","No","No","No","No"
"916","United States","Male",30,"Less than 100","No","Yes","Yes","Maybe","Yes","Don't know"
"917","United States","Male",30,"Less than 100","No","Some of them","Yes","Maybe","Not sure","Yes"
"918","United States","Male",29,"100-500","Yes","Some of them","No","No","Yes","Yes"
"919","United Kingdom","Male",26,"Less than 100","No","Some of them","Some of them","No","No","No"
"920","United States","Male",32,"Less than 100","No","Some of them","Yes","No","Yes","No"
"921","United States","Male",34,"More than 1000","Yes","No","No","No","Yes","No"
"922","United States","Female",46,"100-500","Yes","No","No","No","Yes","No"
